{"v":"5.7.14","fr":25,"ip":0,"op":101,"w":260,"h":260,"nm":"image scan","ddd":0,"assets":[{"id":"comp_0","nm":"inactive color","layers":[{"ddd":0,"ind":1,"ty":4,"nm":"Layer 4 Outlines","sr":1,"ks":{"o":{"a":0,"k":100,"ix":11},"r":{"a":0,"k":0,"ix":10},"p":{"a":0,"k":[130,130,0],"ix":2,"l":2},"a":{"a":0,"k":[130,130,0],"ix":1,"l":2},"s":{"a":0,"k":[100,100,100],"ix":6,"l":2}},"ao":0,"shapes":[{"ty":"gr","it":[{"ind":0,"ty":"sh","ix":1,"ks":{"a":0,"k":{"i":[[3.766,0],[0,3.766],[-3.766,0],[0,-3.765]],"o":[[-3.766,0],[0,-3.765],[3.766,0],[0,3.766]],"v":[[0,6.829],[-6.829,0],[0,-6.829],[6.829,0]],"c":true},"ix":2},"nm":"Path 1","mn":"ADBE Vector Shape - Group","hd":false},{"ind":1,"ty":"sh","ix":2,"ks":{"a":0,"k":{"i":[[8.729,0],[0,-8.728],[-8.729,0],[0,8.729]],"o":[[-8.729,0],[0,8.729],[8.729,0],[0,-8.728]],"v":[[0,-15.829],[-15.829,0],[0,15.829],[15.829,0]],"c":true},"ix":2},"nm":"Path 2","mn":"ADBE Vector Shape - Group","hd":false},{"ty":"mm","mm":1,"nm":"Merge Paths 1","mn":"ADBE Vector Filter - Merge","hd":false},{"ty":"fl","c":{"a":0,"k":[0.866666666667,0.866666666667,0.866666666667,1],"ix":4},"o":{"a":0,"k":100,"ix":5},"r":1,"bm":0,"nm":"Fill 1","mn":"ADBE Vector Graphic - Fill","hd":false},{"ty":"tr","p":{"a":0,"k":[100.167,109.494],"ix":2},"a":{"a":0,"k":[0,0],"ix":1},"s":{"a":0,"k":[100,100],"ix":3},"r":{"a":0,"k":0,"ix":6},"o":{"a":0,"k":100,"ix":7},"sk":{"a":0,"k":0,"ix":4},"sa":{"a":0,"k":0,"ix":5},"nm":"Transform"}],"nm":"Group 1","np":4,"cix":2,"bm":0,"ix":1,"mn":"ADBE Vector Group","hd":false}],"ip":0,"op":101,"st":0,"bm":0},{"ddd":0,"ind":2,"ty":4,"nm":"Layer 5 Outlines","sr":1,"ks":{"o":{"a":0,"k":100,"ix":11},"r":{"a":0,"k":0,"ix":10},"p":{"a":0,"k":[130,130,0],"ix":2,"l":2},"a":{"a":0,"k":[130,130,0],"ix":1,"l":2},"s":{"a":0,"k":[100,100,100],"ix":6,"l":2}},"ao":0,"shapes":[{"ty":"gr","it":[{"ind":0,"ty":"sh","ix":1,"ks":{"a":0,"k":{"i":[[1.139,-1.3],[0,0],[0,0],[1.828,0.005],[0,0],[1.139,-1.423],[0,0],[-2.588,-2.07],[-2.07,2.589],[0,0],[0,0],[0,0],[0,9.121],[0,0],[-9.121,0],[0,0],[0,-9.121],[0,0],[0,0],[1.73,0.001],[0,0]],"o":[[0,0],[0,0],[-1.135,-1.434],[0,0],[-1.822,0],[0,0],[-2.07,2.588],[2.589,2.07],[0,0],[0,0],[0,0],[-9.121,0],[0,0],[0,-9.121],[0,0],[9.121,0],[0,0],[0,0],[-1.138,-1.303],[0,0],[-1.729,0]],"v":[[32.376,-29.818],[-12.616,21.541],[-25.295,5.523],[-29.984,3.247],[-30,3.247],[-34.686,5.498],[-48.907,23.277],[-47.97,31.71],[-39.536,30.773],[-30.024,18.882],[-8.845,45.641],[-36.584,45.641],[-53.126,29.1],[-53.126,-29.1],[-36.584,-45.641],[36.584,-45.641],[53.126,-29.1],[53.126,-16.391],[41.408,-29.811],[36.894,-31.863],[36.889,-31.863]],"c":true},"ix":2},"nm":"Path 1","mn":"ADBE Vector Shape - Group","hd":false},{"ind":1,"ty":"sh","ix":2,"ks":{"a":0,"k":{"i":[[0,0],[-2.341,0.875],[0,2.501],[0,0],[15.738,0],[0,0],[0,-15.738],[0,0],[-15.738,0],[0,0],[0,15.738],[3.313,0],[0,-3.313],[9.121,0],[0,0],[0,0],[0,0]],"o":[[1.646,1.884],[2.342,-0.879],[0,0],[0,-15.738],[0,0],[-15.738,0],[0,0],[0,15.738],[0,0],[15.738,0],[0,-3.313],[-3.313,0],[0,9.121],[0,0],[0,0],[0,0],[0,0]],"v":[[54.606,3.549],[61.233,5.221],[65.126,-0.397],[65.126,-29.1],[36.584,-57.641],[-36.584,-57.641],[-65.126,-29.1],[-65.126,29.1],[-36.584,57.641],[36.584,57.641],[65.126,29.1],[59.126,23.1],[53.126,29.1],[36.584,45.641],[6.459,45.641],[-5.044,31.109],[36.882,-16.751]],"c":true},"ix":2},"nm":"Path 2","mn":"ADBE Vector Shape - Group","hd":false},{"ty":"mm","mm":1,"nm":"Merge Paths 1","mn":"ADBE Vector Filter - Merge","hd":false},{"ty":"fl","c":{"a":0,"k":[0.866666666667,0.866666666667,0.866666666667,1],"ix":4},"o":{"a":0,"k":100,"ix":5},"r":1,"bm":0,"nm":"Fill 1","mn":"ADBE Vector Graphic - Fill","hd":false},{"ty":"tr","p":{"a":0,"k":[129.667,132.199],"ix":2},"a":{"a":0,"k":[0,0],"ix":1},"s":{"a":0,"k":[100,100],"ix":3},"r":{"a":0,"k":0,"ix":6},"o":{"a":0,"k":100,"ix":7},"sk":{"a":0,"k":0,"ix":4},"sa":{"a":0,"k":0,"ix":5},"nm":"Transform"}],"nm":"Group 1","np":4,"cix":2,"bm":0,"ix":1,"mn":"ADBE Vector Group","hd":false}],"ip":0,"op":101,"st":0,"bm":0}]},{"id":"comp_1","nm":"Active color","layers":[{"ddd":0,"ind":1,"ty":4,"nm":"Layer 4/image Scan Outlines","sr":1,"ks":{"o":{"a":0,"k":100,"ix":11},"r":{"a":0,"k":0,"ix":10},"p":{"a":0,"k":[130,130,0],"ix":2,"l":2},"a":{"a":0,"k":[130,130,0],"ix":1,"l":2},"s":{"a":0,"k":[100,100,100],"ix":6,"l":2}},"ao":0,"shapes":[{"ty":"gr","it":[{"ind":0,"ty":"sh","ix":1,"ks":{"a":0,"k":{"i":[[3.766,0],[0,3.766],[-3.766,0],[0,-3.765]],"o":[[-3.766,0],[0,-3.765],[3.766,0],[0,3.766]],"v":[[0,6.829],[-6.829,0],[0,-6.829],[6.829,0]],"c":true},"ix":2},"nm":"Path 1","mn":"ADBE Vector Shape - Group","hd":false},{"ind":1,"ty":"sh","ix":2,"ks":{"a":0,"k":{"i":[[8.729,0],[0,-8.728],[-8.729,0],[0,8.729]],"o":[[-8.729,0],[0,8.729],[8.729,0],[0,-8.728]],"v":[[0,-15.829],[-15.829,0],[0,15.829],[15.829,0]],"c":true},"ix":2},"nm":"Path 2","mn":"ADBE Vector Shape - Group","hd":false},{"ty":"mm","mm":1,"nm":"Merge Paths 1","mn":"ADBE Vector Filter - Merge","hd":false},{"ty":"fl","c":{"a":0,"k":[0.219607843137,0.545098039216,0.929411764706,1],"ix":4},"o":{"a":0,"k":100,"ix":5},"r":1,"bm":0,"nm":"Fill 1","mn":"ADBE Vector Graphic - Fill","hd":false},{"ty":"tr","p":{"a":0,"k":[100.167,109.494],"ix":2},"a":{"a":0,"k":[0,0],"ix":1},"s":{"a":0,"k":[100,100],"ix":3},"r":{"a":0,"k":0,"ix":6},"o":{"a":0,"k":100,"ix":7},"sk":{"a":0,"k":0,"ix":4},"sa":{"a":0,"k":0,"ix":5},"nm":"Transform"}],"nm":"Group 1","np":4,"cix":2,"bm":0,"ix":1,"mn":"ADBE Vector Group","hd":false}],"ip":0,"op":101,"st":0,"bm":0},{"ddd":0,"ind":2,"ty":4,"nm":"Layer 5/image Scan Outlines","sr":1,"ks":{"o":{"a":0,"k":100,"ix":11},"r":{"a":0,"k":0,"ix":10},"p":{"a":0,"k":[130,130,0],"ix":2,"l":2},"a":{"a":0,"k":[130,130,0],"ix":1,"l":2},"s":{"a":0,"k":[100,100,100],"ix":6,"l":2}},"ao":0,"shapes":[{"ty":"gr","it":[{"ind":0,"ty":"sh","ix":1,"ks":{"a":0,"k":{"i":[[1.139,-1.3],[0,0],[0,0],[1.828,0.005],[0,0],[1.139,-1.423],[0,0],[-2.588,-2.07],[-2.07,2.589],[0,0],[0,0],[0,0],[0,9.121],[0,0],[-9.121,0],[0,0],[0,-9.121],[0,0],[0,0],[1.73,0.001],[0,0]],"o":[[0,0],[0,0],[-1.135,-1.434],[0,0],[-1.822,0],[0,0],[-2.07,2.588],[2.589,2.07],[0,0],[0,0],[0,0],[-9.121,0],[0,0],[0,-9.121],[0,0],[9.121,0],[0,0],[0,0],[-1.138,-1.303],[0,0],[-1.729,0]],"v":[[32.376,-29.818],[-12.616,21.541],[-25.295,5.523],[-29.984,3.247],[-30,3.247],[-34.686,5.498],[-48.907,23.277],[-47.97,31.71],[-39.536,30.773],[-30.024,18.882],[-8.845,45.641],[-36.584,45.641],[-53.126,29.1],[-53.126,-29.1],[-36.584,-45.641],[36.584,-45.641],[53.126,-29.1],[53.126,-16.391],[41.408,-29.811],[36.894,-31.863],[36.889,-31.863]],"c":true},"ix":2},"nm":"Path 1","mn":"ADBE Vector Shape - Group","hd":false},{"ind":1,"ty":"sh","ix":2,"ks":{"a":0,"k":{"i":[[0,0],[-2.341,0.875],[0,2.501],[0,0],[15.738,0],[0,0],[0,-15.738],[0,0],[-15.738,0],[0,0],[0,15.738],[3.313,0],[0,-3.313],[9.121,0],[0,0],[0,0],[0,0]],"o":[[1.646,1.884],[2.342,-0.879],[0,0],[0,-15.738],[0,0],[-15.738,0],[0,0],[0,15.738],[0,0],[15.738,0],[0,-3.313],[-3.313,0],[0,9.121],[0,0],[0,0],[0,0],[0,0]],"v":[[54.606,3.549],[61.233,5.221],[65.126,-0.397],[65.126,-29.1],[36.584,-57.641],[-36.584,-57.641],[-65.126,-29.1],[-65.126,29.1],[-36.584,57.641],[36.584,57.641],[65.126,29.1],[59.126,23.1],[53.126,29.1],[36.584,45.641],[6.459,45.641],[-5.044,31.109],[36.882,-16.751]],"c":true},"ix":2},"nm":"Path 2","mn":"ADBE Vector Shape - Group","hd":false},{"ty":"mm","mm":1,"nm":"Merge Paths 1","mn":"ADBE Vector Filter - Merge","hd":false},{"ty":"fl","c":{"a":0,"k":[0.219607843137,0.545098039216,0.929411764706,1],"ix":4},"o":{"a":0,"k":100,"ix":5},"r":1,"bm":0,"nm":"Fill 1","mn":"ADBE Vector Graphic - Fill","hd":false},{"ty":"tr","p":{"a":0,"k":[129.667,132.199],"ix":2},"a":{"a":0,"k":[0,0],"ix":1},"s":{"a":0,"k":[100,100],"ix":3},"r":{"a":0,"k":0,"ix":6},"o":{"a":0,"k":100,"ix":7},"sk":{"a":0,"k":0,"ix":4},"sa":{"a":0,"k":0,"ix":5},"nm":"Transform"}],"nm":"Group 1","np":4,"cix":2,"bm":0,"ix":1,"mn":"ADBE Vector Group","hd":false}],"ip":0,"op":101,"st":0,"bm":0}]}],"layers":[{"ddd":0,"ind":1,"ty":3,"nm":"Null 1","sr":1,"ks":{"o":{"a":0,"k":0,"ix":11},"r":{"a":0,"k":0,"ix":10},"p":{"a":1,"k":[{"i":{"x":0.292,"y":1},"o":{"x":1,"y":0},"t":13,"s":[130,17,0],"to":[0,18.833,0],"ti":[0,-18.833,0]},{"i":{"x":0.667,"y":0.667},"o":{"x":0.167,"y":0.167},"t":45,"s":[130,130,0],"to":[0,0,0],"ti":[0,0,0]},{"i":{"x":0.292,"y":1},"o":{"x":1,"y":0},"t":50,"s":[130,130,0],"to":[0,-18.833,0],"ti":[0,18.833,0]},{"t":82,"s":[130,17,0]}],"ix":2,"l":2,"x":"var $bm_rt;\n$bm_rt = transform.position;"},"a":{"a":0,"k":[0,0,0],"ix":1,"l":2},"s":{"a":0,"k":[100,100,100],"ix":6,"l":2}},"ao":0,"ip":13,"op":114,"st":13,"bm":0},{"ddd":0,"ind":2,"ty":4,"nm":"Layer 5 Outlines","parent":1,"sr":1,"ks":{"o":{"a":0,"k":100,"ix":11},"r":{"a":0,"k":0,"ix":10},"p":{"a":0,"k":[-0.058,-13.438,0],"ix":2,"l":2},"a":{"a":0,"k":[130,130,0],"ix":1,"l":2},"s":{"a":1,"k":[{"i":{"x":[0.526,0.667,0.667],"y":[1,1,1]},"o":{"x":[0.908,0.333,0.333],"y":[0,0,0]},"t":0,"s":[0,100,100]},{"i":{"x":[0.631,0.667,0.667],"y":[1,1,1]},"o":{"x":[0.477,0.333,0.333],"y":[0,0,0]},"t":10,"s":[100,100,100]},{"i":{"x":[0.526,0.667,0.667],"y":[1,1,1]},"o":{"x":[0.908,0.333,0.333],"y":[0,0,0]},"t":85,"s":[100,100,100]},{"t":95,"s":[0,100,100]}],"ix":6,"l":2}},"ao":0,"shapes":[{"ty":"gr","it":[{"ind":0,"ty":"sh","ix":1,"ks":{"a":0,"k":{"i":[[1.243,0],[0,0],[0,1.243],[-1.242,0],[0,0],[0,-1.242]],"o":[[0,0],[-1.242,0],[0,-1.242],[0,0],[1.243,0],[0,1.243]],"v":[[77.719,2.249],[-77.72,2.249],[-79.969,-0.001],[-77.72,-2.249],[77.719,-2.249],[79.969,-0.001]],"c":true},"ix":2},"nm":"Path 1","mn":"ADBE Vector Shape - Group","hd":false},{"ty":"fl","c":{"a":0,"k":[0.137254901961,0.121568634931,0.125490196078,1],"ix":4},"o":{"a":0,"k":100,"ix":5},"r":1,"bm":0,"nm":"Fill 1","mn":"ADBE Vector Graphic - Fill","hd":false},{"ty":"tr","p":{"a":0,"k":[130.058,201.295],"ix":2},"a":{"a":0,"k":[0,0],"ix":1},"s":{"a":0,"k":[100,100],"ix":3},"r":{"a":0,"k":0,"ix":6},"o":{"a":0,"k":100,"ix":7},"sk":{"a":0,"k":0,"ix":4},"sa":{"a":0,"k":0,"ix":5},"nm":"Transform"}],"nm":"Group 1","np":2,"cix":2,"bm":0,"ix":1,"mn":"ADBE Vector Group","hd":false}],"ip":0,"op":101,"st":0,"bm":0},{"ddd":0,"ind":3,"ty":0,"nm":"inactive color","td":1,"refId":"comp_0","sr":1,"ks":{"o":{"a":0,"k":100,"ix":11},"r":{"a":0,"k":0,"ix":10},"p":{"a":0,"k":[130,130,0],"ix":2,"l":2},"a":{"a":0,"k":[130,130,0],"ix":1,"l":2},"s":{"a":0,"k":[100,100,100],"ix":6,"l":2}},"ao":0,"w":260,"h":260,"ip":0,"op":101,"st":0,"bm":0},{"ddd":0,"ind":4,"ty":4,"nm":"Shape Layer 2","parent":1,"tt":1,"sr":1,"ks":{"o":{"a":0,"k":100,"ix":11},"r":{"a":0,"k":0,"ix":10},"p":{"a":0,"k":[-0.25,110.5,0],"ix":2,"l":2},"a":{"a":0,"k":[0,0,0],"ix":1,"l":2},"s":{"a":0,"k":[100,100,100],"ix":6,"l":2}},"ao":0,"shapes":[{"ty":"gr","it":[{"ty":"rc","d":1,"s":{"a":0,"k":[158.5,127.5],"ix":2},"p":{"a":0,"k":[0,0],"ix":3},"r":{"a":0,"k":0,"ix":4},"nm":"Rectangle Path 1","mn":"ADBE Vector Shape - Rect","hd":false},{"ty":"fl","c":{"a":0,"k":[0.866666666667,0.866666666667,0.866666666667,1],"ix":4},"o":{"a":0,"k":100,"ix":5},"r":1,"bm":0,"nm":"Fill 1","mn":"ADBE Vector Graphic - Fill","hd":false},{"ty":"tr","p":{"a":0,"k":[0.25,10.75],"ix":2},"a":{"a":0,"k":[0,0],"ix":1},"s":{"a":0,"k":[100,100],"ix":3},"r":{"a":0,"k":0,"ix":6},"o":{"a":0,"k":100,"ix":7},"sk":{"a":0,"k":0,"ix":4},"sa":{"a":0,"k":0,"ix":5},"nm":"Transform"}],"nm":"Rectangle 1","np":3,"cix":2,"bm":0,"ix":1,"mn":"ADBE Vector Group","hd":false}],"ip":0,"op":101,"st":0,"bm":0},{"ddd":0,"ind":5,"ty":0,"nm":"Active color","td":1,"refId":"comp_1","sr":1,"ks":{"o":{"a":0,"k":100,"ix":11},"r":{"a":0,"k":0,"ix":10},"p":{"a":0,"k":[130,130,0],"ix":2,"l":2},"a":{"a":0,"k":[130,130,0],"ix":1,"l":2},"s":{"a":0,"k":[100,100,100],"ix":6,"l":2}},"ao":0,"w":260,"h":260,"ip":0,"op":101,"st":0,"bm":0},{"ddd":0,"ind":6,"ty":4,"nm":"Shape Layer 3","parent":1,"tt":1,"sr":1,"ks":{"o":{"a":0,"k":100,"ix":11},"r":{"a":0,"k":0,"ix":10},"p":{"a":0,"k":[-0.25,-17.5,0],"ix":2,"l":2},"a":{"a":0,"k":[0,0,0],"ix":1,"l":2},"s":{"a":0,"k":[100,100,100],"ix":6,"l":2}},"ao":0,"shapes":[{"ty":"gr","it":[{"ty":"rc","d":1,"s":{"a":0,"k":[158.5,127.5],"ix":2},"p":{"a":0,"k":[0,0],"ix":3},"r":{"a":0,"k":0,"ix":4},"nm":"Rectangle Path 1","mn":"ADBE Vector Shape - Rect","hd":false},{"ty":"fl","c":{"a":0,"k":[0.8196078431372549,0,0.44313725490196076,1],"ix":4},"o":{"a":0,"k":100,"ix":5},"r":1,"bm":0,"nm":"Fill 1","mn":"ADBE Vector Graphic - Fill","hd":false},{"ty":"tr","p":{"a":0,"k":[0.25,10.75],"ix":2},"a":{"a":0,"k":[0,0],"ix":1},"s":{"a":0,"k":[100,100],"ix":3},"r":{"a":0,"k":0,"ix":6},"o":{"a":0,"k":100,"ix":7},"sk":{"a":0,"k":0,"ix":4},"sa":{"a":0,"k":0,"ix":5},"nm":"Transform"}],"nm":"Rectangle 1","np":3,"cix":2,"bm":0,"ix":1,"mn":"ADBE Vector Group","hd":false}],"ip":0,"op":101,"st":0,"bm":0}],"markers":[]}