{
  "project_info": {
    "project_number": "736758052447",
    "firebase_url": "https://startingup-454b1-default-rtdb.asia-southeast1.firebasedatabase.app",
    "project_id": "startingup-454b1",
    "storage_bucket": "startingup-454b1.appspot.com"
  },
  "client": [
    {
      "client_info": {
        "mobilesdk_app_id": "1:736758052447:android:de7cf37590e1fc38338dea",
        "android_client_info": {
          "package_name": "com.example.jainshaadi"
        }
      },
      "oauth_client": [
        {
          "client_id": "736758052447-0a5aoo47gi5an00v18jv0m682bs0ouc0.apps.googleusercontent.com",
          "client_type": 1,
          "android_info": {
            "package_name": "com.example.jainshaadi",
            "certificate_hash": "8bdbcbbf2613ffef86310d262ceed7331e07bb00"
          }
        },
        {
          "client_id": "736758052447-ra0e5vlucch7smqo93lf1ir2fmprgvvl.apps.googleusercontent.com",
          "client_type": 1,
          "android_info": {
            "package_name": "com.example.jainshaadi",
            "certificate_hash": "231e10113f73c3236cd9837c074e5ee572f9049b"
          }
        },
        {
          "client_id": "736758052447-rb5blftdhh8bo1puvsvlsugp95mn9ave.apps.googleusercontent.com",
          "client_type": 1,
          "android_info": {
            "package_name": "com.example.jainshaadi",
            "certificate_hash": "acaced5b9260cb7d91a39c4bdc0796702af40aef"
          }
        },
        {
          "client_id": "736758052447-5l0rd9qmd488mdlmh1ofk2v7m4qc55nj.apps.googleusercontent.com",
          "client_type": 3
        }
      ],
      "api_key": [
        {
          "current_key": "AIzaSyCD6RpXzYBIP812fJBOQQbvY5i6DxbuPzY"
        }
      ],
      "services": {
        "appinvite_service": {
          "other_platform_oauth_client": [
            {
              "client_id": "736758052447-5l0rd9qmd488mdlmh1ofk2v7m4qc55nj.apps.googleusercontent.com",
              "client_type": 3
            }
          ]
        }
      }
    }
  ],
  "configuration_version": "1"
}